EM1E0001.htm	GGGAAAC  (1390..1396)	TCCCC  (5 nt)	GGCCCCGCTGTAGGGGGACCTTCAGCGACAGGGCCAGAACGAATAAGGTCCCCACCCTCCGAGGCTTCGACTCAGC  (1402..1477)	AJ006464	http://www.ncbi.nlm.nih.gov/entrez/viewer.fcgi?db=nucleotide&amp;val=16945321 	
EM1E0002.htm	GGGTTTT  (3065..3071)	CCTTAGCG  (8 nt)	GCCATTGGGGCAGCACGACCCATACCATGGAAAACAGGGGACCCAGTGTGGGTTCCTCAATGGC  (3080..3143)	M17551	http://www.ncbi.nlm.nih.gov/entrez/viewer.fcgi?db=nucleotide&amp;val=193325 	
EM1E0003.htm	GGGAAAC  (2931..2937)	GAGCAAA  (7 nt)	GGGGCCAGCCTCAGGCCCCACAACAAACTGG  (2945..2975)	M14123	http://www.ncbi.nlm.nih.gov/entrez/viewer.fcgi?db=nucleotide&amp;val=182227 	
EM1P0001.htm	AAAAAAG  (3401..3407)	AGTGA  (5 nt)	ACCGGCAGCCGCTACCCGCGCGCGGCCGGT  (3413..3442)	AE000153	http://www.ncbi.nlm.nih.gov/entrez/viewer.fcgi?db=nucleotide&amp;val=1786671 	
EM1P0002.htm	AAAAAAG  (1453..1459)	AGTGA  (5 nt)	ACCGGCAGCCGCATCCCGCGCGCGGCCGGT  (1465..1494)	U66040	http://www.ncbi.nlm.nih.gov/entrez/viewer.fcgi?db=nucleotide&amp;val=1527140 	
EM1P0003.htm	AAAAAAG  (530..536)	CTGA  (4 nt)	AAGCCTTAGCTCATCCCACGAAAAAGTGAAAGTACTCAACGAGCTAAGGCAGTTTTATCCTCTTGATGAGCTTCTCAGGGCT  (541..622)	X07037	http://www.ncbi.nlm.nih.gov/entrez/viewer.fcgi?db=nucleotide&amp;val=48675 	
EM1P0004.htm	AAAAAAC  (1301..1307)	TCAGG  (5 nt)	CCGCAGTCGGTAACCTCGCGCATACAGCCGGGCAGTGACGTCATCGTCTGCGCGG  (1313..1367)	AY183453	http://www.ncbi.nlm.nih.gov/entrez/viewer.fcgi?db=nucleotide&amp;val=28394461 	
EM1P0005.htm	CGAAAG  (324..329)	TACTGA  (6 nt)	CGACAGACCAGAAGCGGGAAGCCGTGATGTTGATGTGTGATGCGACCGGTCTGTCG  (336..391)	AY528232	http://www.ncbi.nlm.nih.gov/entrez/viewer.fcgi?db=nucleotide&amp;val=42540512 	
EM1P0006.htm	AAAAG  (328..332)	GCCGC  (5 nt)	GACATACTTCGCGAAGCGCCTGAAATGAAGTATGTC  (338..373)	AP001918	http://www.ncbi.nlm.nih.gov/entrez/viewer.fcgi?db=nucleotide&amp;val=8918823 	
EM1P0007.htm	AAAAAAG  (324..330)	GCTACC  (6 nt)	GCGCTCTTGATGTCAGACTCCCTGAACAGTTCTCGATAATCGGGAAACTCAGAGCGC  (337..393)	X17613	http://www.ncbi.nlm.nih.gov/entrez/viewer.fcgi?db=nucleotide&amp;val=48698 	
EM1V0001.htm	GGGAAAT  (1581..1587)	GGACTGA  (7 nt)	GCGGCGCCGACCGCCAAACAACCGGC  (1595..1620)	AF352025	http://www.ncbi.nlm.nih.gov/entrez/viewer.fcgi?db=nucleotide&amp;val=13936833	
EM1V0002.htm	TTTAAAC  (1045..1051)TATAATGCAGGC (1150  -1161)	TGTTG  (5 nt)	AGAGGTGCCTGGAGCGCCTGCAGGCATCTCTGTT  (1057..1090)TATAATGCAGGC (1150  -1161)	X52374	http://www.ncbi.nlm.nih.gov/entrez/viewer.fcgi?db=nucleotide&amp;val=58776 	
EM1V0003.htm	AAAAAAC  (1590..1596)	TAATAGA  (7 nt)	GGGGGGACTTAGCGCCCCCCAAACCGT  (1604..1630)	AF033818	http://www.ncbi.nlm.nih.gov/entrez/viewer.fcgi?db=nucleotide&amp;val=2801494	
EM1V0004.htm	GGGAAAC  (1553..1559)	GGAGTG  (6 nt)	CGCGGCACCGTCCGCGGAACAAACGG  (1566..1591)	X13063	http://www.ncbi.nlm.nih.gov/entrez/viewer.fcgi?db=nucleotide&amp;val=62294 	
EM1V0005.htm	GGGAAAC  (1694..1700)	GGGAA  (5 nt)	GGCGGCGGCGTCCGCCGTAACAAACGC  (1706..1732)	L25299	http://www.ncbi.nlm.nih.gov/entrez/viewer.fcgi?&amp;db=nucleotide&amp;val=408929	
EM1V0006.htm	GGGAAAC  (1482..1488)	GGGCA  (5 nt)	GGCGGCGGCGACCGCCGAAACAACCGC  (1494..1520)	X76931	http://www.ncbi.nlm.nih.gov/entrez/viewer.fcgi?db=nucleotide&amp;val=441268 	
EM1V0007.htm	AAAAAAC  (1781..1787)	GGGAAGCAA  (9 nt)	GGGGCTCAAGGGAGGCCCCAGAAACAAACTTTCCC  (1797..1831)	AF033820	http://www.ncbi.nlm.nih.gov/entrez/viewer.fcgi?db=nucleotide&amp;val=2801510 	
EM1V0008.htm	GGGAAAC  (1878..1884)	TGGAAGGC  (8 nt)	GGGGCGAGCTGCAGCCCCAGTGAATCAAATGCAGC  (1893..1927)	M25381	http://www.ncbi.nlm.nih.gov/entrez/viewer.fcgi?db=nucleotide&amp;val=323933	
EM1V0009.htm	TTTAAAC  (12514..12520)CAGTTATGGACCACGAGCAGTCCATG (12710  -12735)	GAGTC  (5 nt)	CGGGGCTCTAGTGCCGCTCGACTAGAGCCCTGTAA  (12526..12560)CAGTTATGGACCACGAGCAGTCCATG (12710  -12735)	X69721	http://www.ncbi.nlm.nih.gov/entrez/viewer.fcgi?db=nucleotide&amp;val=59490 	
EM1V0010.htm	TTTAAAC  (6830..6836)	TGCTAG  (6 nt)	CCACCTCTGGTCTCGACCGCTGTACTAGAGGTGGGCTGACGGTGTYTGGCGATGCGGTC  (6843..6901)	L13298	http://www.ncbi.nlm.nih.gov/entrez/viewer.fcgi?db=nucleotide&amp;val=939776 	
EM1V0011.htm	AAAAAAC  (2076..2082)	TTGTAAA  (7 nt)	GGGGCAGTCCCCTAGCCCCGCTCAAAAGGGGGAT  (2090..2123)	AF033807	 	
EM1V0012.htm	GGGAAAC  (2029..2035)	GGATTA  (6 nt)	TTCCGGTCGACTCCGGAGAAACAAAGTC  (2042..2069)	L04573	http://www.ncbi.nlm.nih.gov/entrez/viewer.fcgi?db=nucleotide&amp;val=294105	
EM1V0013.htm	TTTAAAT  (1768..1774)	GGGCAA  (6 nt)	GCGGCACCGTCCGCCAAAACAAACGG  (1781..1806)	D00530</a	http://www.ncbi.nlm.nih.gov/entrez/viewer.fcgi?db=nucleotide&amp;val=222293 	
EM1V0014.htm	TTTAAAT  (1663..1669)	GGGCGA  (6 nt)	GCGGCACCGCCCGCCAAAACAAACGG  (1676..1701)	Y07496	http://www.ncbi.nlm.nih.gov/entrez/viewer.fcgi?db=nucleotide&amp;val=61198	
EM1V0015.htm	TTTAAAC  (7400..7406)	TGTTA  (5 nt)	GCCGCCAGCGGCTTGACCCGCTGTGGCCGCGGCGGCCTAGTTGTGACT  (7412..7459)	M96262	http://www.ncbi.nlm.nih.gov/entrez/viewer.fcgi?db=nucleotide&amp;val=11125727 	
EM1V0016.htm	TTTAAAC  (7689..7695)	TGCTA  (5 nt)	GCCGCCAGCGGCTTGACCCGCTGTGGTCGCGGCGGCTTGGTTGTTACTGAGACAGCGG  (7701..7758)	AF046869	http://www.ncbi.nlm.nih.gov/entrez/viewer.fcgi?db=nucleotide&amp;val=3776244 	
EM1V0017.htm	AAATTTA  (2476..2482)	T  (1 nt)	AGGGAGGGCCACTGTTCTCACTGTTGCGCTACATCTGGCTATTCCGCTCAAATGGAAGCCAGACCACACGCCTGTGTGGATTGACCAGTGGCCCCTCCCTGAAGGTAAACTTGTAGCGC  (2484..2602)	V01197	http://www.ncbi.nlm.nih.gov/entrez/viewer.fcgi?db=nucleotide&amp;val=61695 	
EM1V0018.htm	GGGGCCAGCCCCAGGCCCCGAAACAAGCTTATGGGGC  (2337..2373)	M11841	http://www.ncbi.nlm.nih.gov/entrez/viewer.fcgi?db=nucleotide&amp;amp;val=334746 	
EM1V0019.htm	TTTAAAC  (13595..13601)	GGGTT  (5 nt)	CGGGGTACAAGTGTAAATGCCCGTCTTGTACCCTGTGCCAGTGGCTTGGACACT  (13607..13660)	AF029248	http://www.ncbi.nlm.nih.gov/entrez/viewer.fcgi?db=nucleotide&amp;val=2641127 	
EM1V0020.htm	GGGTTTT  (1152..1158)	TAGAG  (5 nt)	GGGCTCTGTACCGCCTCTGGTTTTGAGAGCCCATTCCCTATTCTCGGGCTGCCAGAGATTGCGGTCACAGACGGAGCCC  (1164..1242)	X07653	http://www.ncbi.nlm.nih.gov/entrez/viewer.fcgi?db=nucleotide&amp;val=58798 	
EM1V0021.htm	TTTTTTG  (19678..19684)	TCGCCGAAC  (9 nt)	TCGGTGCAGTGACGTTTCCGA  (19694..19714)	NC_001895	http://www.ncbi.nlm.nih.gov/entrez/viewer.fcgi?db=nucleotide&amp;qty=1&amp;c_start=1&amp;list_uids=9630327&amp;uids=&amp;dopt=gb&amp;dispmax=5&amp;sendto=&amp;from=begin&amp;to=end&amp;extrafeatpresent=1&amp;ef_CDD=8&amp;ef_MGC=16&amp;ef_HPRD=32&amp;ef_STS=64&amp;ef_tRNA=128&amp;ef_microRNA=256 	
EM1V0022.htm	CCCTTTA  (2835..2841)	TCCGAT  (6 nt)	CGTGTGATGGAGATCGTCAATTACGCGGCAATATGGGATCCTACACAGGAAAGACACGCACAGGTTTCGTGTACACA  (2848..2924)	L13218	http://www.ncbi.nlm.nih.gov/entrez/viewer.fcgi?db=nucleotide&amp;val=1352866 	
EM1V0023.htm	TTTTTTA  (2085..2091)	G  (1 nt)	GGAAGATCTGGCCTTCCTACAAGGGAAGGCCAGGGAATTTTCT  (2093..2135)	K03455	http://www.ncbi.nlm.nih.gov/entrez/viewer.fcgi?db=nucleotide&amp;val=1906382 	
EM1V0024.htm	TTTTTTA  (2395..2401)	GGGT  (4 nt)	TGGGCCCACGGGGAAAGAAGCCTCGCAACTTCCCCGTGACCCAAGCCCCTCAGGGGC  (2406..2462)	NC_001722	http://www.ncbi.nlm.nih.gov/entrez/viewer.fcgi?db=nucleotide&amp;val=9628880 	
EM1V0025.htm	GGGTTTA  (1958..1964)	GGAGT  (5 nt)	GGTAGGTCTTACGATGCCAGCTGTAATGCCTACCGGAGAACCTAC  (1970..2014)	M28353	http://www.ncbi.nlm.nih.gov/entrez/viewer.fcgi?db=nucleotide&amp;val=556414 	
EM1V0026.htm	TTTAAAC  (2239..2245)	CAGAAC  (6 nt)	GCCTCCAGGCCTTGCAACACTTGGTCCGGAAGGCCCTGGAGGCAGGC  (2252..2298)	AF033817	http://www.ncbi.nlm.nih.gov/entrez/viewer.fcgi?db=nucleotide&amp;val=2801487 	
EM1V0027.htm	AAAAAAC  (2081..2087)	TCCTTA  (6 nt)	AGGGGGGAGATCTAATCTCCCCCCATCCCGATCAAGACATCTCGATACTCCCACTCATCCCCCT  (2094..2157)	M10060	 	
EM1V0028.htm	AAATTTT  (12215..12221)	CAGACAAAGC  (10 nt)	CTCGTCGAG  (12232..12240)	AF227196	http://www.ncbi.nlm.nih.gov/entrez/viewer.fcgi?db=nucleotide&amp;val=9082016 	
EM1V0029.htm	TTTAAAC  (1634..1640)	TACCA  (5 nt)	GCGGGCGGGCTCCCTACGGGGCAGTCCGCCC  (1646..1676)	Z48630	 	
EM1V0030.htm	GGATTTT  (825..831)	TAGGC  (5 nt)	GGCCCACTCAGCTTTCCGGTTGAAGATGCCCCATATCCTATTTTAGGCATCCCGGAAATCAGGGTAGCTGAGAAGCGGGCC  (837..917)	J04357	http://www.ncbi.nlm.nih.gov/entrez/viewer.fcgi?db=nucleotide&amp;val=333772 	
EM1V0031.htm	TTTAAAC  (12348..12354)	GGGTAC  (6 nt)	GGGGTAGCAGTGAGGCTCGGCTGATACCCCTTGCTA  (12361..12396)	M95169	http://www.ncbi.nlm.nih.gov/entrez/viewer.fcgi?db=nucleotide&amp;val=292951 	
EM1V0032.htm	TTTAAAC  (13392..13398)	GGGTT  (5 nt)	TGCGGTGTAAGTGCAGCCCGTCTTACACCGTGCGGCACAGGCACTAGTACTGATGTCGTCTACAGGGCT  (13404..13472)	NC_004718	http://www.ncbi.nlm.nih.gov/entrez/viewer.fcgi?db=nucleotide&amp;val=30271926 	
EM1V0033.htm	GGTTTTC  (23987..23993)	AAAG  (4 nt)	TGGAGTAATGCTGGGGGTGGCCTCAACGGTCGCTGCTAGTCCCGAAGAGGCGAGTGTTACTTCAACAGAAGAAACCTTAACGCCAGC  (23998..24084)	AY264774	http://www.ncbi.nlm.nih.gov/entrez/viewer.fcgi?db=nucleotide&amp;val=37956638 	
EM1V0034.htm	GGGAAAG  (10109..10115)	TGTT  (4 nt)	CGACGGTGAGCTGAGTTTTGCCCTGAAACTGGCGCGTGAGATGGGGCGACCCGACTGGCGTGCCATGCTTGCCGGGATGTCATCCAC  (10120..10206)	U39286	http://www.ncbi.nlm.nih.gov/entrez/viewer.fcgi?db=nucleotide&amp;val=1066312 	
EM1V0035.htm	TTTAAAT  (1664..1670)	GGGCA  (5 nt)	AGCGGCACCGTCCGCCAAAACAAACGGCAACTCCAACATCCCCGACGCCGCT  (1676..1727)	D13953	http://www.ncbi.nlm.nih.gov/entrez/viewer.fcgi?db=nucleotide&amp;val=222300 	
EM1V0036.htm	GGGCCCC  (2377..2383)	AGCTT  (5 nt)	CGCGCCAAAGCCGGGCAGCGCCATGTGGAACGAATAAACCAATGCGGGGGCAGCGTCATCTATCCGCGCTTGAGCACTGCTCGCG  (2389..2473)	AF127178	http://www.ncbi.nlm.nih.gov/entrez/viewer.fcgi?db=nucleotide&amp;val=6851158 	
EM1V0037.htm	GTTAAAC  (5399..5405)	TGAGAG  (6 nt)	CGCCCCACATCTTTCCCGGCGATGTGGGGCGTCGGACCTTTGCTGACTCTAAAGACAAGGGTTTCGTGG  (5412..5480)	NC_002532	http://www.ncbi.nlm.nih.gov/entrez/viewer.fcgi??db=nucleotide&amp;val=NC_002532 	
EM1V0038.htm	TTTAAAC  (14549..14555)	TGGT  (4 nt)	GGGGCAGTGTCTAGGATTGACGTTAGACACTGCTTTTTGCCCGTTTCAAACAGGTGAATACAAACCGTCA  (14560..14629)	NC_008516	http://www.ncbi.nlm.nih.gov/entrez/viewer.fcgi?db=nucleotide&amp;val=116536735	
EP1E0001.htm	TCCTGA  (327..332)	TGTCC  (5 nt)	CTGTCCACCACAGAACAGATCACGATAGGGCATCGCTCTTAACGGGCTACAGCCGTAAGTCTTCGGTCGACTCGGCTGGTGG  (338..419)	AF038597	http://www.ncbi.nlm.nih.gov/entrez/viewer.fcgi?db=nucleotide&amp;val=2708712 	
EP1E0002.htm	TCCTGA  (253..258)	TGTC  (4 nt)	CCTCACCCACCCCTGAAGATCCCAGGTGGGCGAGGGAACAGTCAGCGGGATC  (263..314)	D10706	http://www.ncbi.nlm.nih.gov/entrez/viewer.fcgi?db=nucleotide&amp;val=532340 	
EP1E0003.htm	TCCTGA  (346..351)	TGCC  (4 nt)	CCTCACCCACCCCTGAAGATCCCAGGTGGGCGAGGGAATAGTCAGAGGGATC  (356..407)	D78361	http://www.ncbi.nlm.nih.gov/entrez/viewer.fcgi?db=nucleotide&amp;val=1389630 	
EP1E0004.htm	TCCTGA  (244..249)	TG  (2 nt)	TCCCTCACCCACCCCTGAAGATCCCAGGTGGGCGAGGGAACAGTCAGCGGGATC  (252..305)	BC060035	http://www.ncbi.nlm.nih.gov/entrez/viewer.fcgi?db=nucleotide&amp;val=37747478 	
EP1E0005.htm	TCCTGA  (301..306)	TGCC  (4 nt)	CCTCACCCACTGTCGAAGATCCCCGGTGGGCGAGG  (311..345)	NM_002537	http://www.ncbi.nlm.nih.gov/entrez/viewer.fcgi?db=nucleotide&amp;val=9845506 	
EP1E0006.htm	TCCTGA  (248..253)	TGCC  (4 nt)	CCTCACCCACTGTCGAAGATCCCCGGTGGGCGAGG  (258..292)	NM_010952	http://www.ncbi.nlm.nih.gov/entrez/viewer.fcgi?db=nucleotide&amp;val=37596299 	
EP1E0007.htm	TCCTGA  (222..227)	TGCC  (4 nt)	CCTCACCCACCTCTGAAGATCCCAGGTGGGCGAGGGAACGGAGCACGGGATC  (232..283)	AB017118	http://www.ncbi.nlm.nih.gov/entrez/viewer.fcgi?db=nucleotide&amp;val=4239978 	
EP1E0008.htm	TCCTGA  (225..230)	TGTC  (4 nt)	CCTCTCCCACCCCTGAAGATCCCAGGTGGGCGAGGGAATGATCAGCGGGATC  (235..286)	AB017117	http://www.ncbi.nlm.nih.gov/entrez/viewer.fcgi?db=nucleotide&amp;val=4239975 	
EP1E0009.htm	CTTAGG  (1097..1102)	Z75147	http://www.ncbi.nlm.nih.gov/entrez/viewer.fcgi?db=nucleotide&amp;val=Z75147.1 	
EP1E0010.htm	CTTAGGC  (5503..5509)	CAGGAACTTA  (10 nt)	CTGAATCTACGGTAAATCACACTAATCATTCTGATGATGAACTCCCTGGACACCTCCTTCTTGATTCAG  (5520..5588)	Z35766	http://www.ncbi.nlm.nih.gov/entrez/viewer.fcgi?db=nucleotide&amp;val=Z35766.1 	
EP1E0011.htm	CTTAGGC  (25258..25264)	X79489	http://www.ncbi.nlm.nih.gov/entrez/viewer.fcgi?db=nucleotide&amp;val=X79489.1 	
EP1E0012.htm	GCGA  (1388..1391)	GTTCTAAC  (8 nt)	CGATCTTGAACTCGAATCAAAAGACCAACAAACTCCTTTTATCAAAACCTTACCAATTGTACACTATATCG  (1400..1470)	M34549	http://www.ncbi.nlm.nih.gov/entrez/viewer.fcgi?db=nucleotide&amp;amp;val=M34549.1 	
EP1P0001.htm	GGGGG  (12006..12002)	CTTTGAC  (11998..11992)	AE000372	http://www.ncbi.nlm.nih.gov/entrez/viewer.fcgi?db=nucleotide&amp;val=2367171 	
EP1P0002.htm	GGGGG  (215..219)	CTTTGAC  (223..229)	M38590	http://www.ncbi.nlm.nih.gov/entrez/viewer.fcgi?db=nucleotide&amp;val=154274 	
EP1V0001.htm	CCCT  (5125..5128)	CCGAAA  (6 nt)	CCCCTGCTGAATAAAGCGGGG  (5135..5155)	AJ312240	http://www.ncbi.nlm.nih.gov/entrez/viewer.fcgi?db=nucleotide&amp;val=AJ312240 	
PM1E0001.htm	TTTTTTA  (2138..2144)	GGGGGCG  (7 nt)	CTCCCGGTTGCCGTTCATTGAACGACGGCTGGCTGGGAGAACCTTAAAGATGCTAATCGATACCG  (2152..2216)	AF033821	http://www.ncbi.nlm.nih.gov/entrez/viewer.fcgi?db=nucleotide&amp;val=2801515 	
PM1E0002.htm	GGGAAAC  (2440..2446)	GACCA  (5 nt)	GCGGTACCCGCAGTCCAGGGGGGAGCGGGAGCAATGCCAAACAGCCCC  (2452..2499)	AJ133521	http://www.ncbi.nlm.nih.gov/entrez/viewer.fcgi?db=nucleotide&amp;val=4539019 	
PM1E0003.htm	AAAAAAG  (52236..52242)	TGGATA  (6 nt)	GCGCACGCGCCCTTATTGCCCGGGGATGGGGAGTAAGCTTAGTCAGCCGTTGTCTCCGGGTGTCGCGTGCGC  (52249..52320)	AL662999	http://www.ncbi.nlm.nih.gov/entrez/viewer.fcgi?db=nucleotide&amp;val=32489769 	
PM1E0004.htm	GGGAAAC  (1006..1012)	TCCCC  (5 nt)	GGCCCCGCTGTAGAGGGACCTTCAGCGACCGGGCCAGAAATAATAAGGTCCC  (1018..1069)	AB028974	http://www.ncbi.nlm.nih.gov/entrez/viewer.fcgi?db=nucleotide&amp;val=5689438 	
PM1E0005.htm	AAATTTT  (2354..2360)	CAGCCA  (6 nt)	CAAGCCTTG  (2367..2375)	X01472	http://www.ncbi.nlm.nih.gov/entrez/viewer.fcgi?db=nucleotide&amp;val=8142 	
PM1E0006.htm	TTTTTTA  (2399..2405)	GATT  (4 nt)	AACGAACTCCACGTTACCATACTTTCAATGTAAAGATAGTAACGGAGATATTTTAAAATTTTTGATTGATACAGGGTCAAATAAAAA  (2410..2496)	U60529	http://www.ncbi.nlm.nih.gov/entrez/viewer.fcgi?db=nucleotide&amp;val=1402846 	
PM1E0007.htm	AAATTTT  (2008..2014)	CGGTTAACAG  (10 nt)	TTCCGGAA  (2025..2032)	X03431	http://www.ncbi.nlm.nih.gov/entrez/viewer.fcgi?db=nucleotide&amp;val=8146 	
PM1E0008.htm	AAATTTT  (248095..248101)	CGGC  (4 nt)	TAGTTGCCCCGGATCAAACCAATATATAATTATTAAACATAATGACATAGACTTAAAGTGCCTAATTGACACTGGATCCACCATAAA  (248106..248192)	AE003680	http://www.ncbi.nlm.nih.gov/entrez/viewer.fcgi?db=nucleotide&amp;val=28381183 	
PM1E0009.htm	TTTTTTA  (129863..129869)	GGGGAAAG  (8 nt)	TCCCTGCTACCCGTCATCAGACGAAGAGTAGCGGGGA  (129878..129914)	AC023692	http://www.ncbi.nlm.nih.gov/entrez/viewer.fcgi?db=nucleotide&amp;qty=1&amp;c_start=1&amp;list_uids=21538988&amp;uids=21538988&amp;dopt=gb&amp;dispmax=5&amp;sendto=Add+To+Clipboard&amp;from=begin&amp;to=end&amp;extrafeatpresent=1&amp;ef_CDD=8&amp;ef_MGC=16&amp;ef_HPRD=32&amp;ef_STS=64&amp;ef_tRNA=128&amp;ef_microRNA=256 	
PM1E0010.htm	AAATTTT  (148777..148783)	CAGA  (4 nt)	TAGAGGATCAAGACGAATACCATATATAGAAGTTCAAGGTAAAAAGAGGCCATTATTATTTATTATTGACACTGGAGCAGAATTCAG  (148788..148874)	AC010708	http://www.ncbi.nlm.nih.gov/entrez/viewer.fcgi?db=nucleotide&amp;val=13374649 	
PM1E0011.htm	GGGAAAC  (4994..5000)	GGGG  (4 nt)	GCGGAGTACAGGACGGGGCCTAAAGTACTCCGGCCAGCAGCACGGCCCACAAAGCGACAGCAGGAACCAACAATTGAGGACGGGAGA  (5005..5091)	U09586	http://www.ncbi.nlm.nih.gov/entrez/viewer.fcgi?db=nucleotide&amp;val=1213461 	
PM1E0012.htm	GGGGAAC  (877..883)	CGGG  (4 nt)	GTGCAGGCGGCAACAGGCGATCGTGGCGCGGGCAGCGAGTGCGGGACGAGGAGGCCGAGAGCGGGCTCCTTTGCAC  (888..963)	X17219	http://www.ncbi.nlm.nih.gov/entrez/viewer.fcgi?db=nucleotide&amp;val=5897 	
PM1E0013.htm	AAATTTT  (2016..2022)	CAGT  (4 nt)	CACCAGCCCCGGAAGATACCAATACTTAATAATTACCCACAAGGGTTACGCTCACAAATGTTTGATTGACACAGGATCCACAATCAG  (2027..2113)	Z24451	http://www.ncbi.nlm.nih.gov/entrez/viewer.fcgi?db=nucleotide&amp;val=394703 	
PM1P0001.htm	AAAAAAG  (104603..104597)	AJ414155	http://www.ncbi.nlm.nih.gov/entrez/viewer.fcgi?db=nucleotide&amp;val=15980975 	
PM1P0002.htm	AAAAAAG  (42134..42128)	AE016842	http://www.ncbi.nlm.nih.gov/entrez/viewer.fcgi?db=nucleotide&amp;val=29138362 	
PM1P0003.htm	AAAAAAG  (2792..2798)	TCTGA  (5 nt)	CGCGACATCTGCTACTCCAGCATCGCCG  (2804..2831)	AE004187	http://www.ncbi.nlm.nih.gov/entrez/viewer.fcgi?db=nucleotide&amp;val=9655516 	
PM1P0004.htm	AAAAAAG  (9349..9355)	AATGA  (5 nt)	GCCGGCGGCGCCAGGAAAAGCGCGGCCGGC  (9361..9390)	AE013709	http://www.ncbi.nlm.nih.gov/entrez/viewer.fcgi?db=nucleotide&amp;val=21957799 	
PM1P0005.htm	TTTTTTG  (3625..3631)	TTGCCGAA  (8 nt)	GTCGGTGCTTGCCGATTTGCCGACAACCTGACGGTTGATGATCTGGTGGCAGACATTGCCACC  (3640..3702)	AF153829	http://www.ncbi.nlm.nih.gov/entrez/viewer.fcgi?db=nucleotide&amp;val=5852849 	
PM1P0006.htm	AAAAAAG  (1250..1256)	CCCCAACCGC  (10 nt)	GCCCTGAAGCGGAAACCGCCCAAACACCCGTTCAGACGGC  (1267..1306)	AE002494	http://www.ncbi.nlm.nih.gov/entrez/viewer.fcgi?db=nucleotide&amp;val=7226684 	
PM1V0001.htm	CCCAAAA  (2788..2794)	AACTACAAA  (9 nt)	GGGCCCCAGAAGACCAAGGGGCCC  (2804..2827)	L13745	http://www.ncbi.nlm.nih.gov/entrez/viewer.fcgi?db=nucleotide&amp;val=348158 	
PM1V0002.htm	TTTTTTG  (16982..16988)	TCAC  (4 nt)	CGGCTTCGGCGGAATAGACTTCCCGCCAGACCTGTCGACTGATGACCTGATGGCGGATATCGCAGTGATATTCCACTGGCCGCC  (16993..17076)	NC_005340	http://www.ncbi.nlm.nih.gov/entrez/viewer.fcgi?db=nucleotide&amp;val=41057352 	
PM1V0003.htm	TTTTTTA  (2192..2198)	GGGT  (4 nt)	ATGGCCATTGGGGAGGAGCGAAACCAAGAAATTTTGTGCAATACAGAGGAGACACAGTTGGTCTGGAACCAA  (2203..2274)	M66437	http://www.ncbi.nlm.nih.gov/entrez/viewer.fcgi?db=nucleotide&amp;val=334433 	
PM1V0004.htm	AAATTTT  (2994..3000)	TAACTGCG  (8 nt)	GCCATTGACATACTTGCACCCCAACAGTGCGCTGAACCCATCACGTGGAAATCAGACGAACCTGTCTGGGTTGATCAGTGGC  (3009..3090)	AF033815	http://www.ncbi.nlm.nih.gov/entrez/viewer.fcgi?db=nucleotide&amp;val=2801479 	
PM1V0005.htm	GGGAAAC  (2302..2308)	GGGATGA  (7 nt)	GGGGCCAGCCCCAGGCCCCGAAGCAAGCCTATGGGGC  (2316..2352)	AF126467	http://www.ncbi.nlm.nih.gov/entrez/viewer.fcgi?db=nucleotide&amp;val=5442103	
PM1V0006.htm	AAAAAAC  (2061..2067)	TCCATA  (6 nt)	GGGGGGGAGGTCTAACCTCCCCCCCCACATTACGGCAAGTCCTTCCC  (2074..2120)	AF074966	http://www.ncbi.nlm.nih.gov/entrez/viewer.fcgi?db=nucleotide&amp;val=5106411 	
PM1V0007.htm	AAAAAAT  (29317..29323)	CGCG  (4 nt)	GCTTTATTGCCGACAGAAAACGGAGGAAACAAGC  (29328..29361)	NC_004112	http://www.ncbi.nlm.nih.gov/entrez/viewer.fcgi?db=nucleotide&amp;val=22296522 	
PM1V0008.htm	TTTTTTG  (16268..16274)	TCAC  (4 nt)	CGGCTTCGGCGGAATAGACTTCCCGCCCGGCCTGTCGACCGATGACCTGATGGCGGATATCGCAGTGATATTCCACTGGCCGCC  (16279..16362)	NC_001317	http://www.ncbi.nlm.nih.gov/entrez/viewer.fcgi?db=nucleotide&amp;qty=1&amp;c_start=1&amp;list_uids=9634055&amp;uids=&amp;dopt=gb&amp;dispmax=5&amp;sendto=&amp;from=begin&amp;to=end&amp;extrafeatpresent=1&amp;ef_CDD=8&amp;ef_MGC=16&amp;ef_HPRD=32&amp;ef_STS=64&amp;ef_tRNA=128&amp;ef_microRNA=256 	
PM1V0009.htm	GGATTTT  (1025..1031)	TACT  (4 nt)	AGGGGACGTCATTGCAAGGGATGGGGTGTGTACTAAAACAGTGCCTATCATATTGAGCCCCTCCTTGCACATCAGGCCGTCC  (1036..1117)	U57305	http://www.ncbi.nlm.nih.gov/entrez/viewer.fcgi?db=nucleotide&amp;val=1373233 	
PM1V0010.htm	AAATTTT  (861..867)	TAGT  (4 nt)	TGGGGAAGTGTATGCTAGGTCTGGCGTGGAGACTAAAACAAGGCCCAAGATCCTGTCTCCCCA  (872..934)	Z69910	http://www.ncbi.nlm.nih.gov/entrez/viewer.fcgi?db=nucleotide&amp;val=1359671 	
PM1V0011.htm	AAAAAAC  (21484..21490)	TAACGG  (6 nt)	AGCGTGTGGCAAGTATCGAGCGCAACGGGTTATCACAAGCCATTGCGCTACGTATGCACTATTTACCACACGC  (21497..21569)	NC_001697	http://www.ncbi.nlm.nih.gov/entrez/viewer.fcgi?db=nucleotide&amp;val=9628600 	
PM1V0012.htm	AAAAAAC  (20618..20624)	TAACGG  (6 nt)	AGCGTGTGGCAAGTATCGAGCGCAACGGGTTATCACAAGCCATTGCGCTACGTATGCACTATTTACCACACGC  (20631..20703)	NC_003315	http://www.ncbi.nlm.nih.gov/entrez/viewer.fcgi?db=nucleotide&amp;val=17981815 	
PM1V0013.htm	AAAAAAC  (23367..23373)	TAAAA  (5 nt)	GAGCGGGTAGAGCGCATTGAAGAGAACGGCATCGAACAAGCGCTCATTTTGCGGCGTCATTACCTACCC  (23379..23447)	NC_003313	http://www.ncbi.nlm.nih.gov/entrez/viewer.fcgi?db=nucleotide&amp;val=17975105 	
PM1V0014.htm	TTTAAAC  (1846..1852)	TGCCAGC  (7 nt)	GGGTGGCCACAACTTCAAAAGTTGTGTCGCCACCC  (1860..1894)	NC_004346	http://www.ncbi.nlm.nih.gov/entrez/viewer.fcgi?db=nucleotide&amp;val=24323599 	
PM1V0015.htm	TTTAAAT  (1664..1670)	GGGCA  (5 nt)	AGCGGCACCGTCCGCCAAAACAAACGGCAACTCCGACATCCCCGACGCCGCT  (1676..1727)	D13954	http://www.ncbi.nlm.nih.gov/entrez/viewer.fcgi?db=nucleotide&amp;val=222301 	
PM1V0016.htm	GGGAAAC  (1595..1601)	GCCAA  (5 nt)	GGCGGCCGCGTCCGCCGTACCAACCGCAGCACCAAAAGCCAAGGCCG  (1607..1653)	AF235168	http://www.ncbi.nlm.nih.gov/entrez/viewer.fcgi?db=nucleotide&amp;val=30027702 	
PM1V0017.htm	TTTTTTG  (19047..19053)	CTGCAGAAGCG  (11 nt)	GGCGAAGGCAGCCTCCCTGATCGCGTAGAAAACGCCATGGCCGACCTGGCCGTGACGTTTCACTGGGCGCC  (19065..19135)	NC_003278	http://www.ncbi.nlm.nih.gov/entrez/viewer.fcgi?db=nucleotide&amp;val=17313217 	
PM1V0018.htm	TTTAAAC  (8148..8154)	TTCTAG  (6 nt)	CCCCGCAATTATCACAAAGATTGCGGGG  (8161..8188)	NC_003780	http://www.ncbi.nlm.nih.gov/entrez/viewer.fcgi??db=nucleotide&amp;val=NC_003780 	
PM1V0019.htm	AAATTTA  (2468..2474)	TAGGGAGG  (8 nt)	GCCACTGTTCTTACTGTTGCGCTACATCTGGCTATTCCGCTCAAATGGAAGCCAGACCACACGCCTGTGTGGATTGACCAGT  (2483..2564)	NC_001408	http://www.ncbi.nlm.nih.gov/entrez/viewer.fcgi??db=nucleotide&amp;val=NC_001408 	
PM1V0020.htm	GGGTTTT  (1153..1159)	TAGAG  (5 nt)	GGGCTCTGTACCGCCTCTGGTTTTGAGAGCCCATTTCCAATTCTCGGGCTGCCAGAGATTGCGGTCACAGACGGAGCCC  (1165..1243)	NC_004666	http://www.ncbi.nlm.nih.gov/entrez/viewer.fcgi??db=nucleotide&amp;val=NC_004666 	
PM1V0021.htm	GGGTTTT  (1116..1122)	TAGA  (4 nt)	GGGGCTCTGTACCGCCTCTGGTTTTGAGAGCCCATTCCCCATTCTCGGGCTGCCAGAGATTGCGGTCACAGACGGAGCCC  (1127..1206)	NC_003680	http://www.ncbi.nlm.nih.gov/entrez/viewer.fcgi??db=nucleotide&amp;val=NC_003680 	
PM1V0022.htm	GGGTTTT  (1152..1158)	TAGAG  (5 nt)	GGGCTCTGTGCCGCCTCCGGTTTTGAAAGTCCCTTTTCTCTATTAAGACTGCCGGAGATTAAGGTCACAGACGGAGCCC  (1164..1242)	NC_002160	http://www.ncbi.nlm.nih.gov/entrez/viewer.fcgi??db=nucleotide&amp;val=NC_002160 	
PM1V0023.htm	TTTAAAC  (13335..13341)	GGGTT  (5 nt)	CGGGGTACGAGTGTAGATGCCCGTCTCGTACCCTGTGCCAGTGGTTTATCTACTGATGTAC  (13347..13407)	NC_003045	http://www.ncbi.nlm.nih.gov/entrez/viewer.fcgi??db=nucleotide&amp;val=NC_003045 	
PM1V0024.htm	AAAAAAC  (1629..1635)	GGGAAG  (6 nt)	TGCTCCTCTGCCCCTTATGGGCAGAGGAGCCAACCACAGAACAATTTTCACCAGAGCA  (1642..1699)	NC_001413	http://www.ncbi.nlm.nih.gov/entrez/viewer.fcgi??db=nucleotide&amp;val=NC_001413 	
PM1V0025.htm	TTTTTTA  (5493..5499)	AACACAT  (7 nt)	ACCTACACCCAAGCTTACACAAAAGAAAAAAACGCAGGT  (5507..5545)	NC_004195	http://www.ncbi.nlm.nih.gov/entrez/viewer.fcgi??db=nucleotide&amp;val=NC_004195 	
PM1V0026.htm	CCCAAAC  (4748..4754)	ATCA  (4 nt)	TAGCAAAAGGGGTCGGGAAAATCAGACAGTAAAATCAACAACCCTGATATCCAACATTGCAAATCAGGCTA  (4759..4829)	NC_002161	http://www.ncbi.nlm.nih.gov/entrez/viewer.fcgi??db=nucleotide&amp;val=NC_002161 	
PM1V0027.htm	TTTAAAC  (14184..14190)	TGCT  (4 nt)	GAGAGATGTCTGGTGCGCCTGCAGACATCTCTGTTTTCAAAATGGCGC  (14195..14242)	NC_007447	http://www.ncbi.nlm.nih.gov/entrez/viewer.fcgi??db=nucleotide&amp;val=NC_007447 	
PM1V0028.htm	GGGAAAC  (1804..1810)	GGGA  (4 nt)	GGAGGGGGATACGTGTGGTGCCGTCCGCTCCTCCTATGGAATAACTTCAGCACCACCTATGGTTCAGGTCCGCATAGGTTCCC  (1815..1897)	NC_001463	http://www.ncbi.nlm.nih.gov/entrez/viewer.fcgi??db=nucleotide&amp;val=NC_001463 	
PM1V0029.htm	GGGAAAC  (1523..1529)	GAGCA  (5 nt)	ACGCTGCACCGCCAGCGCAACAAACGGCGCTCCAAACATCCAAAAGACAAAGCGCGT  (1535..1591)	NC_006265	http://www.ncbi.nlm.nih.gov/entrez/viewer.fcgi??db=nucleotide&amp;val=NC_006265 	
PM1V0030.htm	AAATTTG  (1120..1126)	ATAAAAATA  (9 nt)	CCAAAACAATCCAAATATTTGG  (1136..1157)	NC_004324	http://www.ncbi.nlm.nih.gov/entrez/viewer.fcgi??db=nucleotide&amp;val=NC_004324 	
PM1V0031.htm	AAATTTC  (943..949)	GACA  (4 nt)	TCGGAGGAGACAGCGGTATCGTAGACGAGCTTTTAGGAAGGCCTTTCACAACCCCCGCCCCGGTACGTATAGTGTGAGGCTGCCGA  (954..1039)	NC_001427	http://www.ncbi.nlm.nih.gov/entrez/viewer.fcgi??db=nucleotide&amp;val=NC_001427 	
PM1V0032.htm	AAAAAAC  (3022..3028)	TAAATG  (6 nt)	AGCCCCCTTCGGGGGGCT  (3035..3052)	NC_003790	http://www.ncbi.nlm.nih.gov/entrez/viewer.fcgi??db=nucleotide&amp;val=NC_003790 	
PM1V0033.htm	TTTTTTG  (57718..57724)	CCGT  (4 nt)	GCCGTCATTTGGCCGTGTGCGGTACATGCTCTCCGCGCTGCAAAAAATGCTGCGTGTGCAACGGC  (57729..57793)	NC_005137	http://www.ncbi.nlm.nih.gov/entrez/viewer.fcgi??db=nucleotide&amp;val=NC_005137 	
PM1V0034.htm	TTTAAAC  (13594..13600)	GGGTT  (5 nt)	CGGGGTACTAGTGTGAATGCCCGGCTAGTACCC  (13606..13638)	NC_006577	http://www.ncbi.nlm.nih.gov/entrez/viewer.fcgi??db=nucleotide&amp;val=NC_006577 	
PM1V0035.htm	TTTAAAC  (12433..12439)	GAGCA  (5 nt)	AGGGGTTCTAGTGCAGCTCGACTAGAACCCT  (12445..12475)	NC_005831	http://www.ncbi.nlm.nih.gov/entrez/viewer.fcgi??db=nucleotide&amp;val=NC_005831 	
PM1V0036.htm	TTTAAAC  (13335..13341)	GGGTT  (5 nt)	CGGGGTACGAGTGTAGATGCCCGTCTCGTACCCTGCGCCAGTGGTTTATCTACTGATGTAC  (13347..13407)	NC_005147	http://www.ncbi.nlm.nih.gov/entrez/viewer.fcgi??db=nucleotide&amp;val=NC_005147 	
PM1V0037.htm	CCCTTTA  (84658..84664)	TTAT  (4 nt)	GGCACGATCGGGATTGGATAGGATCGACATAAGCCCCCAGCCAGCCAAAAAAATTGCCCGTG  (84669..84730)	NC_001348	http://www.ncbi.nlm.nih.gov/entrez/viewer.fcgi??db=nucleotide&amp;val=NC_001348 	
PM1V0038.htm	AAAAAAC  (1438..1444)	GGGAGG  (6 nt)	CGCTCCTCTGCCCCTTCTGGGCAGAGGAGCGGATACCATCAGGAGAAG  (1451..1498)	NC_001654	http://www.ncbi.nlm.nih.gov/entrez/viewer.fcgi??db=nucleotide&amp;val=NC_001654 	
PM1V0039.htm	AAAAAAC  (29786..29792)	AATTAA  (6 nt)	CAACTAACATGGATTTTATACGAAGAAAGTATTTAATATATACAATAGAAAACAAAGTTG  (29799..29858)	NC_003027	http://www.ncbi.nlm.nih.gov/entrez/viewer.fcgi??db=nucleotide&amp;val=NC_003027 	
PM1V0040.htm	AAAAAAC  (2615..2621)	GGGAAG  (6 nt)	AGGGCCCCGAAAGGGGCCCAATAAACCCTGACGAGATGCGGCTTGACCACTGGGAGAAAATGATGGCCC  (2628..2696)	NC_004579	http://www.ncbi.nlm.nih.gov/entrez/viewer.fcgi??db=nucleotide&amp;val=NC_004579 	
PM1V0041.htm	TTTAAAC  (13612..13618)	GGGTT  (5 nt)	CGGGGTACAAGTGTAAATGCCCGTCTTGTACCCTGTGCCAGTGGCTTGGACACT  (13624..13677)	NC_006852	http://www.ncbi.nlm.nih.gov/entrez/viewer.fcgi??db=nucleotide&amp;val=NC_006852 	
PM1V0042.htm	AAAAAAC  (2529..2535)	TCCAA  (5 nt)	AGGGGCCCTGAAGACCCGGGCCCC  (2541..2564)	NC_002469	http://www.ncbi.nlm.nih.gov/entrez/viewer.fcgi??db=nucleotide&amp;val=NC_002469 	
PM1V0043.htm	GGGAAAC  (1950..1956)	TGGGT  (5 nt)	GAGGGGCCAGCCCCTGGCCCCGAAACAATGTTATGGGGCAACACTGCAGGTTCCAAAAGAACCATTGCAGACCTC  (1962..2036)	NC_007015	http://www.ncbi.nlm.nih.gov/entrez/viewer.fcgi??db=nucleotide&amp;val=NC_007015 	
PM1V0044.htm	GGGAAAC  (1806..1812)	AGCAGG  (6 nt)	AGGGGGCCACGTGTGGTGCCGTCCGCGCCCCCT  (1819..1851)	NC_001511	http://www.ncbi.nlm.nih.gov/entrez/viewer.fcgi??db=nucleotide&amp;val=NC_001511 	
PM1V0045.htm	GGGAAAC  (1954..1960)	TGGGT  (5 nt)	GAGGGGCCAGCCCCTGGCCCCGAAACAATGTTATGGGGCAACACTGCAGGTTCCAAAAGAACCATTGCAGACCTC  (1966..2040)	NC_001494	http://www.ncbi.nlm.nih.gov/entrez/viewer.fcgi??db=nucleotide&amp;val=NC_001494 	
PM1V0046.htm	AAAAAAC  (96625..96631)	AGCG  (4 nt)	AGCGGGGATTGTACAATTTTGTGATTTACAACCCAGACTTCACGTTTCTAAACATTCCATCGCGTTCTGTTCCTTGTTGCAGTTCGA  (96636..96722)	NC_000852	http://www.ncbi.nlm.nih.gov/entrez/viewer.fcgi??db=nucleotide&amp;val=NC_000852 	
PM1V0047.htm	GGGTTTT  (4803..4809)	ATGA  (4 nt)	ATGCCCGTTCCACAGCAATGATGGCACCCAAGACTGGACTCAGCGCTGTTATAGATCAAGCACCAAATACATCTCAAGACTTGATCG  (4814..4900)	NC_007915	http://www.ncbi.nlm.nih.gov/entrez/viewer.fcgi??db=nucleotide&amp;val=NC_007915 	
PM1V0048.htm	TTTAAAC  (13335..13341)	GGGTT  (5 nt)	CGGGGTACGAGTGTAGATGCCCGTCTCGTACCCTGTGCCAGTGGTTTATCTACTGATGTAC  (13347..13407)	NC_007732	http://www.ncbi.nlm.nih.gov/entrez/viewer.fcgi??db=nucleotide&amp;val=NC_007732 	
PM1V0049.htm	AAATTTA  (136185..136191)	ATCATAATA  (9 nt)	CCATGTTAAAGCGAAACGGGATAGAGCCAGGGGACGCGTTAACCGATTCGTCGAAACGGGAATGG  (136201..136265)	NC_001266	http://www.ncbi.nlm.nih.gov/entrez/viewer.fcgi??db=nucleotide&amp;val=NC_001266 	
PM1V0050.htm	TTTAAAA  (49994..50000)	CGCA  (4 nt)	TGAGAGAAACATGGATGTCCACTTTGATAACTGGAGATTCTTGTCAAGACCAGATAAAGTCATAGTACATTTACTGCTCCCACAAAC  (50005..50091)	NC_001350	http://www.ncbi.nlm.nih.gov/entrez/viewer.fcgi??db=nucleotide&amp;val=NC_001350 	
PM1V0051.htm	GGGAAAA  (7602..7608)	CCGGCC  (6 nt)	CTGAACGATCCAGAAACGGACGTGGACAGATGCCGCGCACTGCGCGAAGAAGTGGAAAGCTGGTACAGAGTGGGGATTCAG  (7615..7695)	NC_003930	http://www.ncbi.nlm.nih.gov/entrez/viewer.fcgi??db=nucleotide&amp;val=NC_003930 	
PM1V0052.htm	TTTAAAC  (6515..6521)	TGCTAA  (6 nt)	CCGCTGCGGGATGTACCAGTGCTGACCGTAGCGGACTGGTGATTACACTGGATTATGCCAAGATCATCACTCATCATGCGCGG  (6528..6610)	NC_003092	http://www.ncbi.nlm.nih.gov/entrez/viewer.fcgi??db=nucleotide&amp;val=NC_003092 	
PM1V0053.htm	TTTTTTA  (2050..2056)	GGGAATA  (7 nt)	CCCCCTGGGGCAGTGGCAAACCCAGGAACTTCCCGGCGATGCCATTGACCCCAACGGCCCCTCCAATGCCAGGG  (2064..2137)	NC_004455	http://www.ncbi.nlm.nih.gov/entrez/viewer.fcgi??db=nucleotide&amp;val=NC_004455 	
PM1V0054.htm	AAAAAAC  (2027..2033)	TCCC  (4 nt)	TGGGGGGGGAGATGTAATCTCCCCCCAACAAATCTCAATGCTCCCTGTCATTCCGTTAGAGCAACAGCACCAGCCCC  (2038..2114)	NC_001815	http://www.ncbi.nlm.nih.gov/entrez/viewer.fcgi??db=nucleotide&amp;val=NC_001815 	
PM1V0055.htm	TTTTTTA  (1834..1840)	GGCC  (4 nt)	TTGGTCCATGGGGAAAGAAGCCCCGCAATTTCCCCATGGCTCAAGTGCATCAGGGGCTGATGCCAACTGCTCCCCCAGAGGACC  (1845..1928)	NC_001870	http://www.ncbi.nlm.nih.gov/entrez/viewer.fcgi??db=nucleotide&amp;val=NC_001870 	
PM1V0056.htm	GGGAAAC  (1753..1759)	GAGCCAA  (7 nt)	GTGGCGCCGACCACTTAAAAACACCGGAATCCAC  (1767..1800)	NC_000874	http://www.ncbi.nlm.nih.gov/entrez/viewer.fcgi??db=nucleotide&amp;val=NC_000874 	
PM1V0057.htm	TTTAAAC  (12332..12338)	GAGTGCG  (7 nt)	GGGTTCTAGTGCAGCTCGACTAGAACCC  (12346..12373)	NC_002306	http://www.ncbi.nlm.nih.gov/entrez/viewer.fcgi??db=nucleotide&amp;val=NC_002306 	
PM1V0058.htm	AAAAAAC  (3301..3307)	TAGAT  (5 nt)	AGTCACCCTGAGCCAAGCAGGGTGTTCCAGCCTCTTGATTTTGGACTTGGCATTTTTGATTGGAGATTTGACT  (3313..3385)	NC_002470	http://www.ncbi.nlm.nih.gov/entrez/viewer.fcgi??db=nucleotide&amp;val=NC_002470 	
PM1V0059.htm	AAAAAAC  (3389..3395)	TAATAG  (6 nt)	AGGGGCCTGTGACAACAAAGGCCCCTACCCCC  (3402..3433)	NC_005790	http://www.ncbi.nlm.nih.gov/entrez/viewer.fcgi??db=nucleotide&amp;val=NC_005790 	
PM1V0060.htm	TTTAAAC  (1751..1757)	TGCCAGC  (7 nt)	GGGCGAGCGACGAGATTGTCTGCTCGCCCTCCTCG  (1765..1799)	NC_004553	http://www.ncbi.nlm.nih.gov/entrez/viewer.fcgi??db=nucleotide&amp;val=NC_004553 	
PM1V0061.htm	GGGAAAC  (1763..1769)	AACAGG  (6 nt)	AGGGGGCCACGTGTGGTGCCGTCCGCGCCCCCT  (1776..1808)	NC_001452	http://www.ncbi.nlm.nih.gov/entrez/viewer.fcgi??db=nucleotide&amp;val=NC_001452 	
PM1V0062.htm	GGGAAAA  (11034..11040)	TCGA  (4 nt)	ACAGGTCTGCGCGGCGATCCGCCAGCACGAGGCGGCGGTAAGGCGTGACGTGATTGCGTTGGGGTCCGGCCTACGACTCGACGACGG  (11045..11131)	NC_008202	http://www.ncbi.nlm.nih.gov/entrez/viewer.fcgi??db=nucleotide&amp;val=NC_008202 	
PM1V0063.htm	CCCAAAG  (21916..21922)	GTGT  (4 nt)	CGGAGTAATTCCCGACCCCACTGGAGTTACGTTAAGTCAAAAGACCATGACGCTTGTTGAGGGTGCATCCCGTGCCCTCACAGGAAC  (21927..22013)	NC_003298	http://www.ncbi.nlm.nih.gov/entrez/viewer.fcgi??db=nucleotide&amp;val=NC_003298 	
PM1V0064.htm	GGGAAAG  (8129..8135)	ACTT  (4 nt)	CGAGCTCAGCGCCGAAGACGAATTCTGGTGCGAGCTCG  (8140..8177)	NC_002166	http://www.ncbi.nlm.nih.gov/entrez/viewer.fcgi??db=nucleotide&amp;val=NC_002166 	
PM1V0065.htm	CCCAAAG  (22682..22688)	GTGT  (4 nt)	CGGAGTAATTCCCGACCCCACTGGAGTTACGTTAAGTCAAAAGACCATGACGCTTGTTGAGGGTGCATCCCGTGCCCTCACAGGAAC  (22693..22779)	NC_001271	http://www.ncbi.nlm.nih.gov/entrez/viewer.fcgi??db=nucleotide&amp;val=NC_001271 	
PM1V0066.htm	TTTAAAC  (1728..1734)	GGGCTT  (6 nt)	CGAGGCGCCGACCTCG  (1741..1756)	NC_008249	http://www.ncbi.nlm.nih.gov/entrez/viewer.fcgi??db=nucleotide&amp;val=NC_008249 	
PM1V0067.htm	GGGAAAA  (70201..70207)	CTGTCC  (6 nt)	GGCTAGACGCCTCAACTGAACTTGAGATCCGTCTGGCCTACAAGCAGGGACTCCTTACTCAGCC  (70214..70277)	NC_008207	http://www.ncbi.nlm.nih.gov/entrez/viewer.fcgi??db=nucleotide&amp;val=NC_008207 	
PM1V0068.htm	GGGAAAC  (1947..1953)	TGGGT  (5 nt)	GAGGGGCCAGCCCCTGGCCCCGAAACAATGTTATGGGGCAACRCTGCAGGTTCCAAAAGAACCATTGCAGACCTC  (1959..2033)	NC_004994	http://www.ncbi.nlm.nih.gov/entrez/viewer.fcgi??db=nucleotide&amp;val=NC_004994 	
PM1V0069.htm	CCCAAAA  (36312..36306)	GAGUUCUUCAA  (11 nt)	UCGGCUGGGGGCGCUCCGGGGGAUCACGAAAGGCUUGAUCCCGA  (36294..36251)	NC_005091	http://www.ncbi.nlm.nih.gov/entrez/viewer.fcgi??db=nucleotide&amp;val=NC_005091 	
PM1V0070.htm	TTTTTTG  (17862..17868)	TCGCC  (5 nt)	GAACTCGGTGCAGTGACGTTCCCGA  (17874..17898)	NC_005056	http://www.ncbi.nlm.nih.gov/entrez/viewer.fcgi??db=nucleotide&amp;val=NC_005056 	
PM1V0071.htm	TTTTTTG  (18493..18499)	TCTCCGAAC  (9 nt)	TCGGTGCAGTGACGTTTCCGA  (18509..18529)	NC_004745	http://www.ncbi.nlm.nih.gov/entrez/viewer.fcgi??db=nucleotide&amp;val=NC_004745 	
PM1V0072.htm	GGGCCCT  (2444..2450)	CGCTTGC  (7 nt)	AGGTAGCAACAATGGCCGCCCAGATCTAAGCGACGTCCCGGCGACAGGAAGTCTGTCCAACCTCATTACC  (2458..2527)	NC_004034	http://www.ncbi.nlm.nih.gov/entrez/viewer.fcgi??db=nucleotide&amp;val=NC_004034 	
PM1V0073.htm	AAATTTG  (10051..10057)	CCATGAAAC  (9 nt)	TGGCGCGTGAGTTCGGTCGCCCGGACTGGCGTGCCA  (10067..10102)	NC_001901	http://www.ncbi.nlm.nih.gov/entrez/viewer.fcgi??db=nucleotide&amp;val=NC_001901 	
PM1V0074.htm	TTTTTTC  (11420..11414)	GCGAAAG  (7 nt)	GCAAAGCGTCCGGTTTCCTCGCTTCGCTGGCGGAGAAGGTCCAAGCATTGATCACGTCAACGTTGACGGATTCATTGC  (11406..11329)	NC_005886	http://www.ncbi.nlm.nih.gov/entrez/viewer.fcgi??db=nucleotide&amp;val=NC_005886 	
PM1V0075.htm	AAAAAAC  (8849..8855)	TAAATGA  (7 nt)	CTCGCCCTGGCTGGAGCTGATTTTCTGGCTGGCCGACCGCTGGGGCGAG  (8863..8911)	NC_005857	http://www.ncbi.nlm.nih.gov/entrez/viewer.fcgi??db=nucleotide&amp;val=NC_005857 	
PP1E0001.htm	TCCTGA  (274..279)	TGTCCCT  (7 nt)	GCTCACGGCTCTGCACCGCCCGGAGGGGTGACCGGCGGGGCTGCGAGC  (287..334)	AF291575	http://www.ncbi.nlm.nih.gov/entrez/viewer.fcgi?db=nucleotide&amp;val=10304392 	
PP1E0002.htm	CCCTGA  (425..430)	GGTCCGCTC  (9 nt)	AGGGTCAATATCCCCTCCATCAAGTCCCCCT  (440..470)	AF291578	http://www.ncbi.nlm.nih.gov/entrez/viewer.fcgi?db=nucleotide&amp;val=10304398 	
PP1E0003.htm	TTTTGA  (163..168)	CGCC  (4 nt)	CCCCATGGCGTGCTCACCAAATTGCCGAACGAAACTCGCGCTATCGTATCGGCCGTTTCTCCAAACTGGCGCGTGACATCGATTGGC  (173..259)	NM_059356	http://www.ncbi.nlm.nih.gov/entrez/viewer.fcgi?db=nucleotide&amp;val=32564645 	
PP1E0004.htm	CCCTGA  (157..162)	GGTT  (4 nt)	CCCTCAGGGTCGAAGACTGCCAATGCAAGTCCTCCCCT  (167..204)	AF291577	http://www.ncbi.nlm.nih.gov/entrez/viewer.fcgi?db=nucleotide&amp;val=10304396 	
PP1E0005.htm	TCCTGA  (218..223)	TGTC  (4 nt)	CCTCACCCACCCCTGAAGATCCCAGGTGGGCGAGGGAATAGTCAGAGGGATC  (228..279)	AF007806	http://www.ncbi.nlm.nih.gov/entrez/viewer.fcgi?db=nucleotide&amp;val=2317775 	
PP1E0006.htm	TCCTGA  (275..280)	TGTC  (4 nt)	CCTCACCCACCCCTGAAGATCCCAGGTGGGCGAGGGAACAGTCAGCGGGATC  (285..336)	U58672	http://www.ncbi.nlm.nih.gov/entrez/viewer.fcgi?db=nucleotide&amp;val=1519043 	
PP1E0007.htm	TCCTGA  (87..92)	CGTC  (4 nt)	CCTACTAATAACTTATTAAGTAACGAACATCTTCATTCTTTGGAAAGTTTTGTTAATGAAGTTTCATCAGAATGGTGTTGTCATTTG  (97..183)	AF217279	http://www.ncbi.nlm.nih.gov/entrez/viewer.fcgi?db=nucleotide&amp;val=7716073 	
PP1E0008.htm	TCCTGA  (117..122)	CGTCCCTAA  (9 nt)	CACCCCCGCCAGTGAAGAAATGACTAGAATGGTGAAGAACGTGGTGGCTTCGTGGGAATGGGT  (132..194)	AF217280	http://www.ncbi.nlm.nih.gov/entrez/viewer.fcgi?db=nucleotide&amp;val=7716075 	
PP1E0009.htm	TCCTGA  (212..217)	TGCC  (4 nt)	CCTCACCCATCAGTGAAGATCCCGGGTGGGCGAGGGAACGGAAGGGATCACACTCTTGCAGCTCTCTTGCATGCGGATGAG  (222..302)	AF291576	http://www.ncbi.nlm.nih.gov/entrez/viewer.fcgi?db=nucleotide&amp;val=10304394 	
PP1E0010.htm	TCCTGA  (237..242)	TGTC  (4 nt)	CCTCACCCACCCCTGAAGATCCCAGGTGGGCGAGGGAATAGTCAGAGGGATC  (247..298)	D32141	http://www.ncbi.nlm.nih.gov/entrez/viewer.fcgi?db=nucleotide&amp;qty=1&amp;c_start=1&amp;list_uids=984657&amp;uids=&amp;dopt=gb&amp;dispmax=5&amp;sendto=&amp;from=begin&amp;to=end&amp;extrafeatpresent=1&amp;ef_CDD=8&amp;ef_MGC=16&amp;ef_HPRD=32&amp;ef_STS=64&amp;ef_tRNA=128&amp;ef_microRNA=256 	
PP1E0011.htm	TCCTGA  (293..298)	GTCC  (4 nt)	CTAGTAGGCCTCCAGGAGGGCAAAAGCACCGAGCAGGGTAACCACGACCAGCTTAAAGAACTGTATTCGGCTGGGAACTTGACGGTG  (303..389)	NM_016178	http://www.ncbi.nlm.nih.gov/entrez/viewer.fcgi?db=nucleotide&amp;val=7710049 	
PP1E0012.htm	TCCTGA  (318..323)	GTCCCTA  (7 nt)	GGAGGCCTCC  (331..340)	NM_016901	http://www.ncbi.nlm.nih.gov/entrez/viewer.fcgi?db=nucleotide&amp;val=8567381 	
PP1E0013.htm	AAATAAA  (211..217)	GAAAT  (5 nt)	GCTTTACAAAAACCAAGTAGTCCATGTAAGATCTGAAAGAGATATTCTTGTTAAAGC  (223..279)	AJ249684	http://www.ncbi.nlm.nih.gov/entrez/viewer.fcgi?db=nucleotide&amp;val=AJ249684.2 	
PP1P0001.htm	GGGGG  (160002..160006)	CTTTGAC  (160010..160016)	AE017152	http://www.ncbi.nlm.nih.gov/entrez/viewer.fcgi?db=nucleotide&amp;qty=1&amp;c_start=1&amp;list_uids=33147833&amp;uids=&amp;dopt=gb&amp;dispmax=5&amp;sendto=&amp;from=begin&amp;to=end&amp;extrafeatpresent=1&amp;ef_CDD=8&amp;ef_MGC=16&amp;ef_HPRD=32&amp;ef_STS=64&amp;ef_tRNA=128&amp;ef_microRNA=256 	
PP1P0002.htm	GGGGG  (1059..1063)	CTTTGAC  (1067..1073)	U32800	http://www.ncbi.nlm.nih.gov/entrez/viewer.fcgi?db=nucleotide&amp;val=1574133 	
PP1P0003.htm	GGGGG  (4680..4676)	CTTTGAC  (4672..4666)	AE006053	http://www.ncbi.nlm.nih.gov/entrez/viewer.fcgi?db=nucleotide&amp;val=12720407 	
PP1P0004.htm	GGGGG  (20284..20280)	CTTTGAC  (20276..20270)	AE017176	http://www.ncbi.nlm.nih.gov/entrez/viewer.fcgi?db=nucleotide&amp;val=34397174 	
PP1P0005.htm	GGGGG  (236503..236499)	CTTTGAC  (236495..236489)	AE017040	http://www.ncbi.nlm.nih.gov/entrez/viewer.fcgi?db=nucleotide&amp;val=30259630 	
PP1P0006.htm	GGGGG  (144..148)	CTTTGAC  (152..158)	AF017113	http://www.ncbi.nlm.nih.gov/entrez/viewer.fcgi?db=nucleotide&amp;val=2618830 	
PP1P0007.htm	GGAGG  (7129..7133)	CTTTGAC  (7137..7143)	AE001120	http://www.ncbi.nlm.nih.gov/entrez/viewer.fcgi?db=nucleotide&amp;val=2687951 	
PP1P0008.htm	AGGAGG  (3552..3547)	CTTTGAC  (3543..3537)	AE005861	http://www.ncbi.nlm.nih.gov/entrez/viewer.fcgi?db=nucleotide&amp;val=13423315 	
PP1P0009.htm	GGAGG  (1672..1668)	CTTTGAC  (1664..1658)	AE001320	http://www.ncbi.nlm.nih.gov/entrez/viewer.fcgi?db=nucleotide&amp;val=3328891 	
PP1P0010.htm	CTTTGAC  (12753..12747)	AE002342	http://www.ncbi.nlm.nih.gov/entrez/viewer.fcgi?db=nucleotide&amp;val=8163306 	
PP1P0011.htm	CTTTGAC  (63670..63664)	AE017159	http://www.ncbi.nlm.nih.gov/entrez/viewer.fcgi?db=nucleotide&amp;val=33236383 	
PP1P0012.htm	CTTTGAC  (3509..3503)	AE007782	http://www.ncbi.nlm.nih.gov/entrez/viewer.fcgi?db=nucleotide&amp;val=15025887 	
PP1P0013.htm	AGGAGG  (176593..176588)	CTTTGAC  (176584..176578)	AE016952	http://www.ncbi.nlm.nih.gov/entrez/viewer.fcgi?db=nucleotide&amp;qty=1&amp;c_start=1&amp;list_uids=29343605&amp;uids=&amp;dopt=gb&amp;dispmax=5&amp;sendto=&amp;from=begin&amp;to=end&amp;extrafeatpresent=1&amp;ef_CDD=8&amp;ef_MGC=16&amp;ef_HPRD=32&amp;ef_STS=64&amp;ef_tRNA=128&amp;ef_microRNA=256 	
PP1P0014.htm	GGGGG  (193614..193618)	CTTTGAC  (193622..193628)	AE016779	http://www.ncbi.nlm.nih.gov/entrez/viewer.fcgi?db=nucleotide&amp;val=26557023 	
PP1P0015.htm	CTTTGAC  (53630..53624)	AJ235271	http://www.ncbi.nlm.nih.gov/entrez/viewer.fcgi?db=nucleotide&amp;val=3868717 	
PP1P0016.htm	GGGGG  (44647..44643)	CTTTGAC  (44639..44633)	AE016844	http://www.ncbi.nlm.nih.gov/entrez/viewer.fcgi?db=nucleotide&amp;val=29138899 	
PP1P0017.htm	GGGGG  (9508..9512)	CTTTGAC  (9516..9522)	AE015543	http://www.ncbi.nlm.nih.gov/entrez/viewer.fcgi?db=nucleotide&amp;val=24346591 	
PP1P0018.htm	GGAGG  (10153..10149)	CTTTGAC  (10145..10139)	AE014966	http://www.ncbi.nlm.nih.gov/entrez/viewer.fcgi?db=nucleotide&amp;val=24377690 	
PP1P0019.htm	GGGGG  (32339..32343)	CTTTGAC  (32347..32353)	AC078935	http://www.ncbi.nlm.nih.gov/entrez/viewer.fcgi?db=nucleotide&amp;val=19747215 	
PP1P0020.htm	GGGGG  (1010..1014)	CTTTGAC  (1018..1024)	AE007383	http://www.ncbi.nlm.nih.gov/entrez/viewer.fcgi?db=nucleotide&amp;val=14972228 	
PP1P0021.htm	AGGAGG  (6220..6225)	CTTTGAC  (6229..6235)	AE006518	http://www.ncbi.nlm.nih.gov/entrez/viewer.fcgi?db=nucleotide&amp;val=13621827 	
PP1P0022.htm	CTTTGAC  (78470..78464)	D90915	http://www.ncbi.nlm.nih.gov/entrez/viewer.fcgi?db=nucleotide&amp;val=1653604 	
PP1P0023.htm	GGGGG  (2252..2256)	CTTTGAC  (2260..2266)	AE001233	http://www.ncbi.nlm.nih.gov/entrez/viewer.fcgi?db=nucleotide&amp;val=3322870 	
PP1P0024.htm	GGGGG  (5787..5791)	CTTTGAC  (5795..5801)	AE004152	http://www.ncbi.nlm.nih.gov/entrez/viewer.fcgi?db=nucleotide&amp;val=9655096 	
PP1P0025.htm	GGGGG  (5022..5026)	CTTTGAC  (5030..5036)	AE012287	http://www.ncbi.nlm.nih.gov/entrez/viewer.fcgi?db=nucleotide&amp;val=21112948 	
PP1P0026.htm	GGGGG  (369..373)	CTTTGAC  (377..383)	AE003947	http://www.ncbi.nlm.nih.gov/entrez/viewer.fcgi?db=nucleotide&amp;qty=1&amp;c_start=1&amp;list_uids=9106067&amp;uids=&amp;dopt=gb&amp;dispmax=5&amp;sendto=&amp;from=begin&amp;to=end&amp;extrafeatpresent=1&amp;ef_CDD=8&amp;ef_MGC=16&amp;ef_HPRD=32&amp;ef_STS=64&amp;ef_tRNA=128&amp;ef_microRNA=256 	
PP1P0027.htm	GGGGG  (6846..6842)	CTTTGAC  (6838..6832)	AE013928	http://www.ncbi.nlm.nih.gov/entrez/viewer.fcgi?db=nucleotide&amp;val=21960202 	
PP1P0028.htm	GGGGG  (2686..2690)	CTTTGAC  (2694..2700)	L32090	http://www.ncbi.nlm.nih.gov/entrez/viewer.fcgi?db=nucleotide&amp;val=556257 	
PP1P0029.htm	GGGGG  (115755..115751)	CTTTGAC  (115747..115741)	AP001519	http://www.ncbi.nlm.nih.gov/entrez/viewer.fcgi?db=nucleotide&amp;val=10176109 	
PP1P0030.htm	CTTTGAC  (127857..127863)	AP001119	http://www.ncbi.nlm.nih.gov/entrez/viewer.fcgi?db=nucleotide&amp;val=10038987 	
PP1P0031.htm	CTTTGAC  (172753..172759)	AE016994	http://www.ncbi.nlm.nih.gov/entrez/viewer.fcgi?db=nucleotide&amp;qty=1&amp;c_start=1&amp;list_uids=29834116&amp;uids=&amp;dopt=gb&amp;dispmax=5&amp;sendto=&amp;from=begin&amp;to=end&amp;extrafeatpresent=1&amp;ef_CDD=8&amp;ef_MGC=16&amp;ef_HPRD=32&amp;ef_STS=64&amp;ef_tRNA=128&amp;ef_microRNA=256 	
PP1P0032.htm	GGGGG  (7428..7432)	CTTTAAC  (7436..7442)	AE012958	http://www.ncbi.nlm.nih.gov/entrez/viewer.fcgi?db=nucleotide&amp;val=21648121 	
PP1P0033.htm	AGGAGG  (152389..152394)	CTTTGAC  (152398..152404)	AP002994	http://www.ncbi.nlm.nih.gov/entrez/viewer.fcgi?db=nucleotide&amp;val=14021068 	
PP1P0034.htm	CTTTGAC  (69920..69926)	NC_008277	http://www.ncbi.nlm.nih.gov/entrez/viewer.fcgi??db=nucleotide&amp;val=NC_008277 	
PP1P0035.htm	GGGGG  (515368..515372)	CTTTGAC  (515376..515382)	NC_007576	http://www.ncbi.nlm.nih.gov/entrez/viewer.fcgi??db=nucleotide&amp;val=NC_007576 	
PP1P0036.htm	CTTTGAC  (2703237..2703231)	NC_008261	http://www.ncbi.nlm.nih.gov/entrez/viewer.fcgi??db=nucleotide&amp;val=NC_008261 	
PP1P0037.htm	GGGGG  (3008736..3008732)	CTTTGAC  (3008728..3008722)	NC_008258	http://www.ncbi.nlm.nih.gov/entrez/viewer.fcgi??db=nucleotide&amp;val=NC_008258 	
PP1P0038.htm	GGGGG  (3034873..3034869)	CTTTGAC  (3034865..3034859)	AC_000091	http://www.ncbi.nlm.nih.gov/entrez/viewer.fcgi??db=nucleotide&amp;val=AC_000091 	
PP1P0039.htm	CTTTAAC  (3265267..3265273)	NC_008255	http://www.ncbi.nlm.nih.gov/entrez/viewer.fcgi??db=nucleotide&amp;val=NC_008255 	
PP1P0040.htm	CTTTGAC  (207676..207682)	NC_008245	http://www.ncbi.nlm.nih.gov/entrez/viewer.fcgi??db=nucleotide&amp;val=NC_008245 	
PP1P0042.htm	CTTTAAC  (132485..132491)	NC_004578	http://www.ncbi.nlm.nih.gov/entrez/viewer.fcgi??db=nucleotide&amp;val=NC_004578 	
PP1P0043.htm	AGGAGG  (1331469..1331474)	CTTTGAC  (1331478..1331484)	NC_003304	http://www.ncbi.nlm.nih.gov/entrez/viewer.fcgi??db=nucleotide&amp;val=NC_003304 	
PP1P0044.htm	CTTTGAC  (1222232..1222238)	NC_006576	http://www.ncbi.nlm.nih.gov/entrez/viewer.fcgi??db=nucleotide&amp;val=NC_006576 	
PP1P0045.htm	CTTTGAC  (2171947..2171953)	NC_005071	http://www.ncbi.nlm.nih.gov/entrez/viewer.fcgi??db=nucleotide&amp;val=NC_005071 	
PP1P0046.htm	CTTTAAC  (1243979..1243973)	NC_004113	http://www.ncbi.nlm.nih.gov/entrez/viewer.fcgi??db=nucleotide&amp;val=NC_004113 	
PP1P0047.htm	GGGGG  (517970..517974)	CTTTGAC  (517978..517984)	NC_008054	http://www.ncbi.nlm.nih.gov/entrez/viewer.fcgi??db=nucleotide&amp;val=NC_008054 	
PP1P0048.htm	CTTTGAC  (4056436..4056442)	NC_008027	http://www.ncbi.nlm.nih.gov/entrez/viewer.fcgi??db=nucleotide&amp;val=NC_008027 	
PP1P0049.htm	CTTTGAC  (660556..660550)	NC_007940	http://www.ncbi.nlm.nih.gov/entrez/viewer.fcgi??db=nucleotide&amp;val=NC_007940 	
PP1P0050.htm	CTTTGAC  (1956645..1956651)	NC_005296	http://www.ncbi.nlm.nih.gov/entrez/viewer.fcgi??db=nucleotide&amp;val=NC_005296 	
PP1P0052.htm	CTTTAAC  (944643..944649)	NC_007109	http://www.ncbi.nlm.nih.gov/entrez/viewer.fcgi??db=nucleotide&amp;val=NC_007109 	
PP1P0053.htm	CTTTAAC  (3748963..3748957)	AE013598	http://www.ncbi.nlm.nih.gov/entrez/viewer.fcgi?db=nucleotide&amp;val=58424217	
PP1P0054.htm	CTTTGAC  (522643..522649)	NC_002936	http://www.ncbi.nlm.nih.gov/entrez/viewer.fcgi??db=nucleotide&amp;val=NC_002936 	
PP1P0055.htm	CTTTGAC  (338484..338478)	NC_002977	http://www.ncbi.nlm.nih.gov/entrez/viewer.fcgi??db=nucleotide&amp;val=NC_002977 	
PP1P0056.htm	CTTTGAC  (334522..334516)	NC_006142	http://www.ncbi.nlm.nih.gov/entrez/viewer.fcgi??db=nucleotide&amp;val=NC_006142 	
PP1P0057.htm	GGGGG  (2076086..2076082)	CTTTGAC  (2076078..2076072)	NC_002967	http://www.ncbi.nlm.nih.gov/entrez/viewer.fcgi??db=nucleotide&amp;val=NC_002967 	
PP1P0058.htm	CTTTGAC  (1353413..1353407)	NC_005085	http://www.ncbi.nlm.nih.gov/entrez/viewer.fcgi??db=nucleotide&amp;val=NC_005085 	
PP1P0059.htm	CTTTGAC  (1338374..1338368)	NC_004757	http://www.ncbi.nlm.nih.gov/entrez/viewer.fcgi??db=nucleotide&amp;val=NC_004757 	
PP1P0060.htm	GGGGG  (493103..493107)	CTTTGAC  (493111..493117)	NC_004556	http://www.ncbi.nlm.nih.gov/entrez/viewer.fcgi??db=nucleotide&amp;val=NC_004556 	
PP1P0061.htm	CTTTGAC  (715078..715084)	NC_007799	http://www.ncbi.nlm.nih.gov/entrez/viewer.fcgi??db=nucleotide&amp;val=NC_007799 	
PP1P0062.htm	AGGAGG  (527216..527221)	CTTTGAC  (527225..527231)	NC_007798	http://www.ncbi.nlm.nih.gov/entrez/viewer.fcgi??db=nucleotide&amp;val=NC_007798 	
PP1P0063.htm	CTTTAAC  (1235436..1235430)	NC_007797	http://www.ncbi.nlm.nih.gov/entrez/viewer.fcgi??db=nucleotide&amp;val=NC_007797 	
PP1P0064.htm	CTTTGAC  (2201201..2201195)	NC_007677	http://www.ncbi.nlm.nih.gov/entrez/viewer.fcgi??db=nucleotide&amp;val=NC_007677	
PP1P0065.htm	CTTTGAC  (6176307..6176313)	NC_007645	http://www.ncbi.nlm.nih.gov/entrez/viewer.fcgi??db=nucleotide&amp;val=NC_007645 	
PP1P0066.htm	CTTTAAC  (2582576..2582582)	NC_007613	http://www.ncbi.nlm.nih.gov/entrez/viewer.fcgi??db=nucleotide&amp;val=NC_007613 	
PP1P0067.htm	CTTTGAC  (137100..137106)	NC_007503	http://www.ncbi.nlm.nih.gov/entrez/viewer.fcgi??db=nucleotide&amp;val=NC_007503 	
PP1P0068.htm	AGGAGG  (601563..601568)	CTTTGAC  (601572..601578)	NC_007432	http://www.ncbi.nlm.nih.gov/entrez/viewer.fcgi??db=nucleotide&amp;val=NC_007432 	
PP1P0069.htm	CTTTGAC  (8049754..8049760)	NC_004463	http://www.ncbi.nlm.nih.gov/entrez/viewer.fcgi??db=nucleotide&amp;val=NC_004463 	
PP1P0070.htm	AGGAGG  (1740463..1740468)	CTTTGAC  (1740472..1740478)	NC_007761	http://www.ncbi.nlm.nih.gov/entrez/viewer.fcgi??db=nucleotide&amp;val=NC_007761 	
PP1P0071.htm	CTTTGAC  (1939066..1939072)	NC_006348	http://www.ncbi.nlm.nih.gov/entrez/viewer.fcgi??db=nucleotide&amp;val=NC_006348 	
PP1P0072.htm	GGGGG  (531622..531626)	CTTTGAC  (531630..531636)	NC_007481	http://www.ncbi.nlm.nih.gov/entrez/viewer.fcgi??db=nucleotide&amp;val=NC_007481 	
PP1P0073.htm	GGGGG  (774301..774305)	CTTTGAC  (774309..774315)	NC_007622	http://www.ncbi.nlm.nih.gov/entrez/viewer.fcgi??db=nucleotide&amp;val=NC_007622 	
PP1P0074.htm	CTTTAAC  (272256..272250)	NC_003910	http://www.ncbi.nlm.nih.gov/entrez/viewer.fcgi??db=nucleotide&amp;val=NC_003910 	
PP1P0075.htm	CTTTGAC  (983796..983802)	NC_007204	http://www.ncbi.nlm.nih.gov/entrez/viewer.fcgi??db=nucleotide&amp;val=NC_007204 	
PP1P0076.htm	CTTTGAC  (328553..328547)	NC_007168	http://www.ncbi.nlm.nih.gov/entrez/viewer.fcgi??db=nucleotide&amp;val=NC_007168 	
PP1P0077.htm	GGGGG  (423875..423879)	CTTTGAC  (423883..423889)	NC_002976	http://www.ncbi.nlm.nih.gov/entrez/viewer.fcgi??db=nucleotide&amp;val=NC_002976 	
PP1P0078.htm	CTTTGAC  (1004060..1004054)	NC_006449	http://www.ncbi.nlm.nih.gov/entrez/viewer.fcgi??db=nucleotide&amp;val=NC_006449 	
PP1P0079.htm	GGGGG  (3594079..3594075)	CTTTGAC  (3594071..3594065)	NC_006270	http://www.ncbi.nlm.nih.gov/entrez/viewer.fcgi??db=nucleotide&amp;val=NC_006270 	
PP1P0080.htm	CTTTGAC  (1853210..1853216)	NC_002937	http://www.ncbi.nlm.nih.gov/entrez/viewer.fcgi??db=nucleotide&amp;val=NC_002937 	
PP1P0081.htm	GGGGG  (4881207..4881203)	CTTTGAC  (4881199..4881193)	NC_003909	http://www.ncbi.nlm.nih.gov/entrez/viewer.fcgi??db=nucleotide&amp;val=NC_003909 	
PP1P0082.htm	CTTTGAC  (988841..988835)	NC_002939	http://www.ncbi.nlm.nih.gov/entrez/viewer.fcgi??db=nucleotide&amp;val=NC_002939 	
PP1P0083.htm	CTTTGAC  (5518327..5518321)	NC_005027	http://www.ncbi.nlm.nih.gov/entrez/viewer.fcgi??db=nucleotide&amp;val=NC_005027 	
PP1P0084.htm	GGGGG  (381030..381034)	CTTTGAC  (381038..381044)	NC_002971	http://www.ncbi.nlm.nih.gov/entrez/viewer.fcgi??db=nucleotide&amp;val=NC_002971 	
PP1P0085.htm	GGGGG  (2175237..2175241)	CTTTGAC  (2175245..2175251)	NC_003919	http://www.ncbi.nlm.nih.gov/entrez/viewer.fcgi??db=nucleotide&amp;val=NC_003919 	
